campaign,run,date,model,recipe,seed,fold,epochs,split,n,CD,CV,HEX,mean,ci_low,ci_high,reference,status,verdict,path
audit_20260911,selection_fix,2026-09-11,small,e543e081f70c,42,,/10,val892,892,12.503426062674643,13.16742908954002,11.85561689988129,12.508824017365319,,,,done,Cellpose 'cyto' outputs correlate 0.2 to 0.3 with GT CD; ridge (14.8) and the constant (14.2) beat it; superseded by direct regression [do not rerun],results/audit_20260911/selection_fix
cnn_20260913,c1/density0,2026-09-13,timm:convnextv2_tiny.fcmae_ft_in22k_in1k,7709ad05fca9,123,0,8/8,fold-0/5,1802,11.34432746217589,10.087426006996285,9.865111722127368,10.432288397099848,,,,done,,results/cnn_20260913/c1/density0
cnn_20260913,c1/density20,2026-09-14,timm:convnextv2_tiny.fcmae_ft_in22k_in1k,7709ad05fca9,123,0,8/8,fold-0/5,1802,14.595390739592439,11.60981731768458,10.85387448834013,12.353027515205717,,,,done,,results/cnn_20260913/c1/density20
cnn_20260913,c1/trim0,2026-09-13,timm:convnextv2_tiny.fcmae_ft_in22k_in1k,a9e7ff45e966,123,0,8/8,fold-0/5,1802,6.657256412208572,10.045095516381656,9.90508532571309,8.869145751434438,,,,done,,results/cnn_20260913/c1/trim0
cnn_20260913,c1/trim1,2026-09-13,timm:convnextv2_tiny.fcmae_ft_in22k_in1k,a9e7ff45e966,123,1,8/8,fold-1/5,1783,6.13756845117792,10.097186581079505,9.710205793180291,8.648320275145906,,,,done,,results/cnn_20260913/c1/trim1
cnn_20260913,Phase I slot 2 candidate v2ens_plus (17 members),2026-09-13,"v2ens + 2 all-data V2-Tiny refits (w2) + 5 V2-Base folds (w3), geometric mean, flip TTA",,,,,oof9000,9000,,,,8.814,,,,"built, not uploaded",Fold-only OOF (refits unvalidatable). Replay max rel diff 2.7e-7; 31 s/case on a shared A5000 (limit 5 min/case). Recommended for slot 2. See results/cnn_20260913/c0_slot2/REPORT.md section 5.,/home/visilant/CLEAR-EC-phase1-v2ens/results/phase1_v2ens_plus
cnn_20260913,c0_slot2 (v2ens_refit12 container),2026-09-13,"v2ens (5x ConvNeXt-V2-Tiny w=2 + 5x ConvNeXt-Tiny w=1) + 2x all-data ConvNeXt-V2-Tiny refits (seeds 123/7, w=2), geometric mean, flip TTA",,,,,oof9000,9000,6.3,10.2515,9.9652,8.8389,,,,"built, not uploaded","Score is the fold-only part (= v2ens); the refits saw every label and cannot be validated. Weight search: V2-Base w=3 would give OOF 8.814 (delta -0.025, CI -0.036 to -0.012) but costs 17.8 s/image on the A5000, so excluded. Image clear_ec_phase1:v2ens_refit12; 50-case replay max rel diff 3.3e-7; 15.2 s/case on a shared GPU 0. See results/cnn_20260913/c0_slot2/REPORT.md.",/home/visilant/CLEAR-EC-phase1-v2ens/results/phase1_v2ens_refit12
convnext_20260911,fixed_patches,2026-09-12,convnext_tiny,b6c95c2398a4,123,,/12,val892,892,6.680402923550111,11.987144720758169,10.201829674966465,9.623125773091582,,,,done,all within 0.05 of the baseline on 892 val (half the data costs 0.05 to 0.09) [do not rerun],results/convnext_20260911/fixed_patches
convnext_20260911,highres_relative,2026-09-12,convnext_tiny,f6c7d8a0b7f8,123,,/12,val892,892,6.49966165905836,11.944581270152632,10.122358097102254,9.522200342104416,,,,done,all within 0.05 of the baseline on 892 val (half the data costs 0.05 to 0.09) [do not rerun],results/convnext_20260911/highres_relative
convnext_20260911,lowres_relative,2026-09-12,convnext_tiny,8caa2cd2d503,123,,/12,val892,892,6.688160826394599,12.2269730390201,10.308861309473786,9.741331724962828,,,,done,all within 0.05 of the baseline on 892 val (half the data costs 0.05 to 0.09) [do not rerun],results/convnext_20260911/lowres_relative
convnext_20260911,quality_patches,2026-09-12,convnext_tiny,91baf8507f2d,123,,/12,val892,892,6.807797742109764,11.931549257017094,9.977303015152819,9.57221667142656,,,,done,all within 0.05 of the baseline on 892 val (half the data costs 0.05 to 0.09) [do not rerun],results/convnext_20260911/quality_patches
convnext_20260911,whole_huber,2026-09-12,convnext_tiny,b323211dbbea,123,,/20,val892,892,6.539712650828178,12.140774879256522,10.14860363587143,9.60969705531871,,,,done,all within 0.05 of the baseline on 892 val (half the data costs 0.05 to 0.09) [do not rerun],results/convnext_20260911/whole_huber
convnext_20260911,whole_relative,2026-09-12,convnext_tiny,857431e841bc,123,,/20,val892,892,6.594837066848762,11.92162712403443,10.108764182637588,9.541742791173592,,,,done,all within 0.05 of the baseline on 892 val (half the data costs 0.05 to 0.09) [do not rerun],results/convnext_20260911/whole_relative
detector_20260913,S2 detector CD readout (winfocus),2026-09-13,heatmap U-Net (ConvNeXt-V2-Nano encoder) + Voronoi readout in focus-chosen 538x408 window,,,,,val892,892,,,,10.14,,,,gate failed,"CD MAPE only (scaled 10.14, raw 10.35, log-corr 0.65) vs CNN OOF CD 6.32; ridge stack with the CNN 6.37 vs 6.32. Region emulation costs <1 point; the loss is transfer from 19 one-series overlays.",results/detector_20260913/s2
long_training_20260912_40ep,fold0,2026-09-12,timm:convnextv2_tiny.fcmae_ft_in22k_in1k,51b39d7b5107,123,0,40/40,fold-0/5,1802,6.429580615366889,9.988139615024151,9.856538278036822,8.758086169475954,,,,done,loses at the last epoch; V2 plateaus at epochs 7 to 8; 40 epochs is +0.046 worse than 8 [do not rerun],results/long_training_20260912_40ep/fold0
long_training_20260912_40ep,fold0 epoch 12 [flips],2026-09-12,timm:convnextv2_tiny.fcmae_ft_in22k_in1k,,123,0,12,fold-0/5,,6.408942051748678,9.980982049837781,9.85030087804237,8.746741659876276,,,,scored,loses at the last epoch; V2 plateaus at epochs 7 to 8; 40 epochs is +0.046 worse than 8 [do not rerun],results/long_training_20260912_40ep/fold0/checkpoint_scores.json
long_training_20260912_40ep,fold0 epoch 20 [flips],2026-09-12,timm:convnextv2_tiny.fcmae_ft_in22k_in1k,,123,0,20,fold-0/5,,6.438378900174889,9.98075562771562,9.863878854200472,8.761004460696993,,,,scored,loses at the last epoch; V2 plateaus at epochs 7 to 8; 40 epochs is +0.046 worse than 8 [do not rerun],results/long_training_20260912_40ep/fold0/checkpoint_scores.json
long_training_20260912_40ep,fold0 epoch 32 [flips],2026-09-12,timm:convnextv2_tiny.fcmae_ft_in22k_in1k,,123,0,32,fold-0/5,,6.448430322981504,10.02071561205996,9.90203126195919,8.790392399000218,,,,scored,loses at the last epoch; V2 plateaus at epochs 7 to 8; 40 epochs is +0.046 worse than 8 [do not rerun],results/long_training_20260912_40ep/fold0/checkpoint_scores.json
long_training_20260912_40ep,fold0 epoch 40 [flips],2026-09-12,timm:convnextv2_tiny.fcmae_ft_in22k_in1k,,123,0,40,fold-0/5,,6.464485082973814,10.044224501919391,9.940702889848222,8.816470824913809,,,,scored,loses at the last epoch; V2 plateaus at epochs 7 to 8; 40 epochs is +0.046 worse than 8 [do not rerun],results/long_training_20260912_40ep/fold0/checkpoint_scores.json
long_training_20260912_40ep,fold0 epoch 8 [flips],2026-09-12,timm:convnextv2_tiny.fcmae_ft_in22k_in1k,,123,0,8,fold-0/5,,6.382591542495627,10.004345080782608,9.83414256750589,8.740359730261375,,,,scored,loses at the last epoch; V2 plateaus at epochs 7 to 8; 40 epochs is +0.046 worse than 8 [do not rerun],results/long_training_20260912_40ep/fold0/checkpoint_scores.json
long_training_20260912_40ep,fold1,2026-09-12,timm:convnextv2_tiny.fcmae_ft_in22k_in1k,51b39d7b5107,123,1,40/40,fold-1/5,1783,6.0837023701774005,10.159769929317006,9.661259156083227,8.634910485192544,,,,done,loses at the last epoch; V2 plateaus at epochs 7 to 8; 40 epochs is +0.046 worse than 8 [do not rerun],results/long_training_20260912_40ep/fold1
long_training_20260912_40ep,fold1 epoch 12 [flips],2026-09-12,timm:convnextv2_tiny.fcmae_ft_in22k_in1k,,123,1,12,fold-1/5,,6.070820421024993,10.12349885806012,9.656471202850398,8.61693016064517,,,,scored,loses at the last epoch; V2 plateaus at epochs 7 to 8; 40 epochs is +0.046 worse than 8 [do not rerun],results/long_training_20260912_40ep/fold1/checkpoint_scores.json
long_training_20260912_40ep,fold1 epoch 20 [flips],2026-09-12,timm:convnextv2_tiny.fcmae_ft_in22k_in1k,,123,1,20,fold-1/5,,6.067675910723297,10.162423328327398,9.653420565632246,8.627839934894313,,,,scored,loses at the last epoch; V2 plateaus at epochs 7 to 8; 40 epochs is +0.046 worse than 8 [do not rerun],results/long_training_20260912_40ep/fold1/checkpoint_scores.json
long_training_20260912_40ep,fold1 epoch 32 [flips],2026-09-12,timm:convnextv2_tiny.fcmae_ft_in22k_in1k,,123,1,32,fold-1/5,,6.056379143689354,10.18604392877972,9.640552747242838,8.627658606570636,,,,scored,loses at the last epoch; V2 plateaus at epochs 7 to 8; 40 epochs is +0.046 worse than 8 [do not rerun],results/long_training_20260912_40ep/fold1/checkpoint_scores.json
long_training_20260912_40ep,fold1 epoch 40 [flips],2026-09-12,timm:convnextv2_tiny.fcmae_ft_in22k_in1k,,123,1,40,fold-1/5,,6.061524401037172,10.214962410016097,9.645793988362131,8.6407602664718,,,,scored,loses at the last epoch; V2 plateaus at epochs 7 to 8; 40 epochs is +0.046 worse than 8 [do not rerun],results/long_training_20260912_40ep/fold1/checkpoint_scores.json
long_training_20260912_40ep,fold1 epoch 8 [flips],2026-09-12,timm:convnextv2_tiny.fcmae_ft_in22k_in1k,,123,1,8,fold-1/5,,6.084344674883528,10.091118487604799,9.701018787930018,8.625493983472781,,,,scored,loses at the last epoch; V2 plateaus at epochs 7 to 8; 40 epochs is +0.046 worse than 8 [do not rerun],results/long_training_20260912_40ep/fold1/checkpoint_scores.json
long_training_20260912_40ep,"epoch 12, both folds [flips]",2026-09-12,timm:convnextv2_tiny.fcmae_ft_in22k_in1k,,123,,12,oof2fold,3585,6.240777198430123,10.051862787209371,9.753899635615419,8.682179873751638,,,epoch 8 (primary comparison),computed,loses at the last epoch; V2 plateaus at epochs 7 to 8; 40 epochs is +0.046 worse than 8 [do not rerun],results/long_training_20260912_40ep/comparison.json
long_training_20260912_40ep,"epoch 20, both folds [flips]",2026-09-12,timm:convnextv2_tiny.fcmae_ft_in22k_in1k,,123,,20,oof2fold,3585,6.25400974970355,10.071108052945918,9.759207365878119,8.694775056175862,,,epoch 8 (primary comparison),computed,loses at the last epoch; V2 plateaus at epochs 7 to 8; 40 epochs is +0.046 worse than 8 [do not rerun],results/long_training_20260912_40ep/comparison.json
long_training_20260912_40ep,"epoch 32, both folds [flips]",2026-09-12,timm:convnextv2_tiny.fcmae_ft_in22k_in1k,,123,,32,oof2fold,3585,6.253443632035319,10.10294165730333,9.771984911359441,8.709456733566029,,,epoch 8 (primary comparison),computed,loses at the last epoch; V2 plateaus at epochs 7 to 8; 40 epochs is +0.046 worse than 8 [do not rerun],results/long_training_20260912_40ep/comparison.json
long_training_20260912_40ep,"epoch 40, both folds [flips]",2026-09-12,timm:convnextv2_tiny.fcmae_ft_in22k_in1k,,123,,40,oof2fold,3585,6.2640725737052785,10.129141024061866,9.794029907254089,8.72908116834041,,,epoch 8 (primary comparison),computed,loses at the last epoch; V2 plateaus at epochs 7 to 8; 40 epochs is +0.046 worse than 8 [do not rerun],results/long_training_20260912_40ep/comparison.json
long_training_20260912_40ep,"epoch 8, both folds [flips]",2026-09-12,timm:convnextv2_tiny.fcmae_ft_in22k_in1k,,123,,8,oof2fold,3585,6.234258445313785,10.047501838078416,9.767933484533836,8.683231255975345,,,epoch 8 (primary comparison),computed,loses at the last epoch; V2 plateaus at epochs 7 to 8; 40 epochs is +0.046 worse than 8 [do not rerun],results/long_training_20260912_40ep/comparison.json
night_20260912,fold0,2026-09-12,convnext_tiny,15a737e6d275,123,0,12/12,fold-0/5,1802,6.374235180228832,10.226096354918628,10.12175448531864,8.907362006822034,,,,done,,results/night_20260912/fold0
night_20260912,fold0 [best+flips],2026-09-12,,,,,10,fold-0/5,1802,6.357598343605588,10.175744950000448,10.107009330857569,8.880117541487868,,,,scored,,results/night_20260912/oof/fold0_best_flips.json
night_20260912,fold0 [best+none],2026-09-12,,,,,10,fold-0/5,1802,6.374142763564562,10.226080912087808,10.121733867941751,8.90731918119804,,,,scored,,results/night_20260912/oof/fold0_best_none.json
night_20260912,fold0 [last+flips],2026-09-12,,,,,12,fold-0/5,1802,6.412062003376281,10.17711110433686,10.102930588227704,8.897367898646948,,,,scored,,results/night_20260912/oof/fold0_last_flips.json
night_20260912,fold0 [last+none],2026-09-12,,,,,12,fold-0/5,1802,6.413723017382855,10.236776492472224,10.123374788496827,8.924624766117303,,,,scored,,results/night_20260912/oof/fold0_last_none.json
night_20260912,v2fold0,2026-09-12,timm:convnextv2_tiny.fcmae_ft_in22k_in1k,713a13f3f287,123,0,8/8,fold-0/5,1802,6.3826376375756775,10.053833402581564,9.860064756176023,8.765511932111087,,,,done,,results/night_20260912/v2fold0
night_20260912,v2fold0 [last+flips],2026-09-12,,,,,8,fold-0/5,1802,6.364891754835544,10.042767072937231,9.84126043389966,8.749639753890811,,,,scored,,results/night_20260912/oof/v2fold0_last_flips.json
night_20260912,v2fold0 [last+none],2026-09-12,,,,,8,fold-0/5,1802,6.382739441188185,10.053816432173377,9.860054534389912,8.765536802583824,,,,scored,,results/night_20260912/oof/v2fold0_last_none.json
night_20260912,v2fold0_s42 [last+flips],2026-09-12,,,,,8,fold-0/5,1802,9.094082682925105,11.434831491549197,10.856166039241552,10.461693404571951,,,,scored,seeds correlate 0.994; a two-seed ensemble gains 0.02; nothing to average [do not rerun],results/night_20260912/oof/v2fold0_s42_last_flips.json
night_20260912,v2fold0_s42_clip,2026-09-12,timm:convnextv2_tiny.fcmae_ft_in22k_in1k,3d0a0855a2bd,42,0,8/8,fold-0/5,1802,6.376601432050941,10.022323351507788,9.860558993933376,8.753161259164036,,,,done,seeds correlate 0.994; a two-seed ensemble gains 0.02; nothing to average [do not rerun],results/night_20260912/v2fold0_s42_clip
night_20260912,v2fold0_s42_clip [last+flips],2026-09-12,,,,,8,fold-0/5,1802,6.3221584856051845,9.99144422752678,9.845393252042385,8.719665321724783,,,,scored,seeds correlate 0.994; a two-seed ensemble gains 0.02; nothing to average [do not rerun],results/night_20260912/oof/v2fold0_s42clip_last_flips.json
night_20260912,fold1,2026-09-12,convnext_tiny,15a737e6d275,123,1,12/12,fold-1/5,1783,6.160322193372987,10.116579740958533,10.048963772797196,8.775288569042905,,,,done,,results/night_20260912/fold1
night_20260912,fold1 [best+flips],2026-09-12,,,,,9,fold-1/5,1783,6.101912556341951,10.080769857908361,10.037408214380358,8.740030209543557,,,,scored,,results/night_20260912/oof/fold1_best_flips.json
night_20260912,fold1 [best+none],2026-09-12,,,,,9,fold-1/5,1783,6.1602538639005235,10.11657985667339,10.048893375681022,8.775242365418311,,,,scored,,results/night_20260912/oof/fold1_best_none.json
night_20260912,fold1 [last+flips],2026-09-12,,,,,12,fold-1/5,1783,6.124807795264807,10.131865388764018,10.025812966129187,8.760828716719336,,,,scored,,results/night_20260912/oof/fold1_last_flips.json
night_20260912,fold1 [last+none],2026-09-12,,,,,12,fold-1/5,1783,6.193604429560782,10.179858598426568,10.042403523759754,8.805288850582366,,,,scored,,results/night_20260912/oof/fold1_last_none.json
night_20260912,v2fold1,2026-09-12,timm:convnextv2_tiny.fcmae_ft_in22k_in1k,713a13f3f287,123,1,8/8,fold-1/5,1783,6.081594254321637,10.1589445302027,9.712043133678419,8.650860639400918,,,,done,,results/night_20260912/v2fold1
night_20260912,v2fold1 [last+flips],2026-09-12,,,,,8,fold-1/5,1783,6.0693681963192265,10.12460468012437,9.7225634168224,8.638845431088665,,,,scored,,results/night_20260912/oof/v2fold1_last_flips.json
night_20260912,v2fold1 [last+none],2026-09-12,,,,,8,fold-1/5,1783,6.08151044512221,10.158919985491556,9.712054127684844,8.650828186099536,,,,scored,,results/night_20260912/oof/v2fold1_last_none.json
night_20260912,fold2,2026-09-12,convnext_tiny,15a737e6d275,123,2,12/12,fold-2/5,1802,6.901678555481969,11.091503451623995,10.4993690654668,9.497517024190921,,,,done,,results/night_20260912/fold2
night_20260912,fold2 [best+flips],2026-09-12,,,,,9,fold-2/5,1802,6.8861190528369844,11.10098583563131,10.502111569440126,9.496405485969474,,,,scored,,results/night_20260912/oof/fold2_best_flips.json
night_20260912,fold2 [best+none],2026-09-12,,,,,9,fold-2/5,1802,6.901701844377533,11.091432640453316,10.499351438203652,9.497495307678166,,,,scored,,results/night_20260912/oof/fold2_best_none.json
night_20260912,fold2 [last+flips],2026-09-12,,,,,12,fold-2/5,1802,6.883928439461665,11.159957444477444,10.511048333789509,9.518311405909538,,,,scored,,results/night_20260912/oof/fold2_last_flips.json
night_20260912,fold2 [last+none],2026-09-12,,,,,12,fold-2/5,1802,6.916915546895743,11.164525566644802,10.52536818898861,9.535603100843053,,,,scored,,results/night_20260912/oof/fold2_last_none.json
night_20260912,v2fold2,2026-09-12,timm:convnextv2_tiny.fcmae_ft_in22k_in1k,713a13f3f287,123,2,8/8,fold-2/5,1802,6.970806153790381,11.014165089817343,10.176890371717223,9.387287205108315,,,,done,,results/night_20260912/v2fold2
night_20260912,v2fold2 [last+flips],2026-09-12,,,,,8,fold-2/5,1802,6.9430483184800185,11.052846444579162,10.224912762224633,9.406935841761271,,,,scored,,results/night_20260912/oof/v2fold2_last_flips.json
night_20260912,v2fold2 [last+none],2026-09-12,,,,,8,fold-2/5,1802,6.94998582030258,11.045691021722417,10.198403621428815,9.398026821151271,,,,scored,,results/night_20260912/oof/v2fold2_last_none.json
night_20260912,fold3,2026-09-12,convnext_tiny,15a737e6d275,123,3,12/12,fold-3/5,1788,5.998871175381109,10.073871962781986,10.218297731776717,8.763680289979938,,,,done,,results/night_20260912/fold3
night_20260912,fold3 [best+flips],2026-09-12,,,,,10,fold-3/5,1788,5.9893615198853,10.030246104072255,10.196934189605349,8.738847271187636,,,,scored,,results/night_20260912/oof/fold3_best_flips.json
night_20260912,fold3 [best+none],2026-09-12,,,,,10,fold-3/5,1788,5.9989006124654285,10.073896004803343,10.21829847090611,8.763698362724961,,,,scored,,results/night_20260912/oof/fold3_best_none.json
night_20260912,fold3 [last+flips],2026-09-12,,,,,12,fold-3/5,1788,6.004147092677157,10.04383503154382,10.193090487204234,8.747024203808403,,,,scored,,results/night_20260912/oof/fold3_last_flips.json
night_20260912,fold3 [last+none],2026-09-12,,,,,12,fold-3/5,1788,6.020062230651738,10.107869085289042,10.211590621461358,8.779840645800713,,,,scored,,results/night_20260912/oof/fold3_last_none.json
night_20260912,v2fold3,2026-09-12,timm:convnextv2_tiny.fcmae_ft_in22k_in1k,713a13f3f287,123,3,8/8,fold-3/5,1788,5.973881207723802,10.001507168754449,9.836902379723886,8.604096918734045,,,,done,,results/night_20260912/v2fold3
night_20260912,v2fold3 [last+flips],2026-09-12,,,,,8,fold-3/5,1788,5.974910222808536,10.002733986281667,9.86425198522763,8.613965398105945,,,,scored,,results/night_20260912/oof/v2fold3_last_flips.json
night_20260912,v2fold3 [last+none],2026-09-12,,,,,8,fold-3/5,1788,5.973941830064721,10.001567795874378,9.836828849914452,8.604112825284517,,,,scored,,results/night_20260912/oof/v2fold3_last_none.json
night_20260912,fold4,2026-09-12,convnext_tiny,15a737e6d275,123,4,12/12,fold-4/5,1825,6.314790060802506,10.237493495921738,10.23629784422608,8.929527133650108,,,,done,,results/night_20260912/fold4
night_20260912,fold4 [best+flips],2026-09-12,,,,,11,fold-4/5,1825,6.3289495962884,10.238892325444402,10.204157000711545,8.923999640814783,,,,scored,,results/night_20260912/oof/fold4_best_flips.json
night_20260912,fold4 [best+none],2026-09-12,,,,,11,fold-4/5,1825,6.314634219397279,10.237397612555188,10.236313693956818,8.929448508636428,,,,scored,,results/night_20260912/oof/fold4_best_none.json
night_20260912,fold4 [last+flips],2026-09-12,,,,,12,fold-4/5,1825,6.332238567435302,10.242100326718719,10.206274930886714,8.926871275013578,,,,scored,,results/night_20260912/oof/fold4_last_flips.json
night_20260912,fold4 [last+none],2026-09-12,,,,,12,fold-4/5,1825,6.316933003660552,10.238231170139771,10.242372476512742,8.932512216771022,,,,scored,,results/night_20260912/oof/fold4_last_none.json
night_20260912,v2fold4,2026-09-12,timm:convnextv2_tiny.fcmae_ft_in22k_in1k,713a13f3f287,123,4,8/8,fold-4/5,1825,6.457767647945243,10.286517207246169,9.999284940118425,8.914523265103279,,,,done,,results/night_20260912/v2fold4
night_20260912,v2fold4 [last+flips],2026-09-12,,,,,8,fold-4/5,1825,6.413761033655682,10.283075506219452,9.994454354761688,8.89709696487894,,,,scored,,results/night_20260912/oof/v2fold4_last_flips.json
night_20260912,v2fold4 [last+none],2026-09-12,,,,,8,fold-4/5,1825,6.45776729300072,10.286523241937529,9.999347984360686,8.914546173099644,,,,scored,,results/night_20260912/oof/v2fold4_last_none.json
night_20260912,refit_seed123,2026-09-12,convnext_tiny,15a737e6d275,123,,12/12,none (all data),,,,,,,,,no-val,,results/night_20260912/refit_seed123
night_20260912,refit_seed42,2026-09-12,convnext_tiny,15a737e6d275,42,,12/12,none (all data),,,,,,,,,no-val,seeds correlate 0.994; a two-seed ensemble gains 0.02; nothing to average [do not rerun],results/night_20260912/refit_seed42
night_20260912,v2refit_seed123,2026-09-12,timm:convnextv2_tiny.fcmae_ft_in22k_in1k,713a13f3f287,123,,8/8,none (all data),,,,,,,,,no-val,,results/night_20260912/v2refit_seed123
night_20260912,v2refit_seed7,2026-09-12,timm:convnextv2_tiny.fcmae_ft_in22k_in1k,713a13f3f287,7,,8/8,none (all data),,,,,,,,,no-val,,results/night_20260912/v2refit_seed7
night_20260912,fold OOF over 5 folds [best+flips],2026-09-12,,,,,,oof9000,9000,6.333800044874484,10.326082217869889,10.20982834918505,8.956570203976474,,,,computed,,results/night_20260912/oof
night_20260912,fold OOF over 5 folds [best+none],2026-09-12,,,,,,oof9000,9000,6.35078292857902,10.349710881310521,10.225268299460687,8.975254036450076,,,,computed,,results/night_20260912/oof
night_20260912,fold OOF over 5 folds [last+flips],2026-09-12,,,,,,oof9000,9000,6.35240634880623,10.351635956428536,10.208167351866985,8.97073655236725,,,,computed,,results/night_20260912/oof
night_20260912,fold OOF over 5 folds [last+none],2026-09-12,,,,,,oof9000,9000,6.373031277511177,10.385941809192124,10.229411371779845,8.996128152827715,,,,computed,,results/night_20260912/oof
night_20260912,v2ens = candidate_1 (submitted slot 1),2026-09-12,"5x convnextv2_tiny (w 2), 5x convnext_tiny (w 1)",,,,,oof9000,9000,6.300003830682766,10.251465762825674,9.965193693191335,8.838887762233258,,,,computed,,results/night_20260912/candidate_manifest.json
night_20260912,v2fold OOF over 5 folds [last+flips],2026-09-12,,,,,,oof9000,9000,6.354538309794786,10.30199631876704,9.93012739437783,8.86222067431322,,,,computed,,results/night_20260912/oof
night_20260912,v2fold OOF over 5 folds [last+none],2026-09-12,,,,,,oof9000,9000,6.370637500396625,10.310041670815009,9.922049023378765,8.867576064863465,,,,computed,,results/night_20260912/oof
night_20260912,r3_e12,2026-09-12,convnext_tiny,15a737e6d275,123,,12/12,val892,892,6.06933631950684,11.726320062047943,10.022594455925285,9.272750279160023,,,,done,loses at the last epoch; V2 plateaus at epochs 7 to 8; 40 epochs is +0.046 worse than 8 [do not rerun],results/night_20260912/r3_e12
night_20260912,r3_seed123,2026-09-12,convnext_tiny,345830b4afd8,123,,20/20,val892,892,6.102271170748151,11.674214212685204,10.000674546559397,9.259053309997583,,,,done,loses at the last epoch; V2 plateaus at epochs 7 to 8; 40 epochs is +0.046 worse than 8 [do not rerun],results/night_20260912/r3_seed123
night_20260912,r3_seed123 [best+none],2026-09-12,,,,,9,val892,892,6.102345087093535,11.674139800254208,10.000598445235386,9.25902777752771,,,,scored,loses at the last epoch; V2 plateaus at epochs 7 to 8; 40 epochs is +0.046 worse than 8 [do not rerun],results/night_20260912/tta/r3_seed123_val_best.json
night_20260912,r3_seed123 [last+none],2026-09-12,,,,,20,val892,892,6.097606511157377,12.311144643330968,10.302174613562572,9.570308589350304,,,,scored,loses at the last epoch; V2 plateaus at epochs 7 to 8; 40 epochs is +0.046 worse than 8 [do not rerun],results/night_20260912/tta/r3_seed123_val_last.json
night_20260912,r3_seed42,2026-09-12,convnext_tiny,345830b4afd8,42,,20/20,val892,892,6.06794927819101,11.69236533280432,10.030338670803648,9.263551093932993,,,,done,loses at the last epoch; V2 plateaus at epochs 7 to 8; 40 epochs is +0.046 worse than 8 [do not rerun],results/night_20260912/r3_seed42
night_20260912,r3_seed42 [best+none],2026-09-12,,,,,11,val892,892,6.068055905872633,11.692369583441655,10.030213327571667,9.263546272295317,,,,scored,loses at the last epoch; V2 plateaus at epochs 7 to 8; 40 epochs is +0.046 worse than 8 [do not rerun],results/night_20260912/tta/r3_seed42_val_best.json
night_20260912,whole_huber [best+none],2026-09-12,,,,,8,val892,892,6.539606941439027,12.140627178858281,10.14867893753743,9.609637685944913,,,,scored,,results/night_20260912/tta/whole_huber_val_none.json
night_20260912,whole_relative [best+flips],2026-09-12,,,,,7,val892,892,6.539785336953745,11.937212449747442,10.083580092370164,9.520192626357117,,,,scored,,results/night_20260912/tta/whole_relative_val_flips.json
night_20260912,whole_relative [best+none],2026-09-12,,,,,7,val892,892,6.594813976580111,11.92169974684364,10.108747911957455,9.541753878460401,,,,scored,,results/night_20260912/tta/whole_relative_val_none.json
night_20260912,x_antialias,2026-09-12,convnext_tiny,d7a518cae666,123,,12/12,val892,892,6.076071943462634,11.762398593028882,10.007184461060032,9.28188499918385,,,,done,all within 0.05 of the baseline on 892 val (half the data costs 0.05 to 0.09) [do not rerun],results/night_20260912/x_antialias
night_20260912,x_crop06,2026-09-12,convnext_tiny,e81d8253a5ce,123,,12/12,val892,892,6.207085770757529,11.833786835775053,10.121468829778564,9.387447145437049,,,,done,all within 0.05 of the baseline on 892 val (half the data costs 0.05 to 0.09) [do not rerun],results/night_20260912/x_crop06
night_20260912,x_dinov2,2026-09-12,timm:vit_small_patch14_dinov2.lvd142m,bd5b073b57bd,123,,12/12,val892,892,8.3962508199181,12.54522486623733,10.516092895462657,10.485856193872694,,,,done,lose or tie on the 892 val split (9.29 to 12.75 vs 9.21 to 9.27) [do not rerun],results/night_20260912/x_dinov2
night_20260912,x_dp03,2026-09-12,convnext_tiny,8870f3b34036,123,,12/12,val892,892,6.137808254842927,11.75378996380605,10.006778641327907,9.299458953325628,,,,done,all within 0.05 of the baseline on 892 val (half the data costs 0.05 to 0.09) [do not rerun],results/night_20260912/x_dp03
night_20260912,x_half,2026-09-12,convnext_tiny,e8f630405751,123,,12/12,val892,892,6.246498947740639,11.77836532131885,10.052230066284253,9.35903144511458,,,,done,all within 0.05 of the baseline on 892 val (half the data costs 0.05 to 0.09) [do not rerun],results/night_20260912/x_half
night_20260912,x_highres,2026-09-12,convnext_tiny,518bc65b2341,123,,12/12,val892,892,6.04928955840879,11.739970029298812,9.970521300876475,9.253260296194691,,,,done,all within 0.05 of the baseline on 892 val (half the data costs 0.05 to 0.09) [do not rerun],results/night_20260912/x_highres
night_20260912,x_in12k,2026-09-12,timm:convnext_tiny.in12k_ft_in1k,5fb79a13d588,123,,12/12,val892,892,6.245613546397292,11.787213235073978,9.825179810614841,9.286002197362038,,,,done,lose or tie on the 892 val split (9.29 to 12.75 vs 9.21 to 9.27) [do not rerun],results/night_20260912/x_in12k
night_20260912,x_logspace,2026-09-12,convnext_tiny,8e8b279ee57e,123,,12/12,val892,892,6.078175276107135,11.817607163703638,10.006345851364548,9.300709430391775,,,,done,all within 0.05 of the baseline on 892 val (half the data costs 0.05 to 0.09) [do not rerun],results/night_20260912/x_logspace
night_20260912,x_reg_e20,2026-09-12,convnext_tiny,446b8f80e251,123,,20/20,val892,892,6.0486963970185,11.74431645401972,9.98132972929278,9.258114193443667,,,,done,loses at the last epoch; V2 plateaus at epochs 7 to 8; 40 epochs is +0.046 worse than 8 [do not rerun],results/night_20260912/x_reg_e20
night_20260912,x_small,2026-09-12,convnext_small,2f1fe9e6a1e3,123,,12/12,val892,892,6.2001283309105455,11.764154881890954,10.054175966951474,9.339486393250992,,,,done,lose or tie on the 892 val split (9.29 to 12.75 vs 9.21 to 9.27) [do not rerun],results/night_20260912/x_small
night_20260912,x_v2base,2026-09-12,timm:convnextv2_base.fcmae_ft_in22k_in1k,aa63bcedb10f,123,,8/8,val892,892,6.192207085392887,11.73707606843582,9.680109174129909,9.203130775986205,,,,done,tie: OOF 8.871 vs 8.897 (CI -0.053 to -0.001) at 3.5x the cost; fails the 0.15 gate [do not rerun],results/night_20260912/x_v2base
night_20260912,x_v2e8,2026-09-12,timm:convnextv2_tiny.fcmae_ft_in22k_in1k,713a13f3f287,123,,8/8,val892,892,6.190866415761712,11.721315808212283,9.6969712910183,9.203051171664098,,,,done,,results/night_20260912/x_v2e8
night_20260912,x_v2fcmae,2026-09-12,timm:convnextv2_tiny.fcmae,b4c5ff06d81e,123,,8/8,val892,892,13.579830508082829,13.133222599298813,11.532146353743867,12.74839982037517,,,,done,lose or tie on the 892 val split (9.29 to 12.75 vs 9.21 to 9.27) [do not rerun],results/night_20260912/x_v2fcmae
night_20260912,x_v2nano,2026-09-12,timm:convnextv2_nano.fcmae_ft_in22k_in1k,57442d81270f,123,,8/8,val892,892,6.267058783247634,11.907851357411444,9.739985824458712,9.30496532170593,,,,done,lose or tie on the 892 val split (9.29 to 12.75 vs 9.21 to 9.27) [do not rerun],results/night_20260912/x_v2nano
night_20260912,x_v2tiny,2026-09-12,timm:convnextv2_tiny.fcmae_ft_in22k_in1k,0539efcddb9b,123,,12/12,val892,892,6.2401346446061225,11.707099470785034,9.682128938918181,9.209787684769779,,,,done,,results/night_20260912/x_v2tiny
night_20260912,x_wd5e-2,2026-09-12,convnext_tiny,cf3abbf9eddc,123,,12/12,val892,892,6.107120423949308,11.795650581462127,9.985006891736825,9.295925965716087,,,,done,all within 0.05 of the baseline on 892 val (half the data costs 0.05 to 0.09) [do not rerun],results/night_20260912/x_wd5e-2
noise_floor_20260912,"A1 counting-statistics floor (cell bootstrap, 25 overlays)",2026-09-12,label noise floor,,,,,floor,25,1.520043626611645,5.8902144644482775,7.08739187919676,4.832549990085561,4.4612151513189975,5.2446713580764195,,floor,,results/noise_floor_20260912/A1_counting_floor.json
noise_floor_20260912,A2 oracle Voronoi readout on the annotator's clicks,2026-09-12,reference readout,,,,,floor,25,3.0504899872366753,,6.806746256414609,,2.614227297763133,3.4383079928926095,CI is for CD; label CV = 2.0x Voronoi CV (corr 0.91),floor,,results/noise_floor_20260912/A2_oracle_floor.json
noise_floor_20260912,B1 label cleaning: v2fold0 minus top-2% flagged,2026-09-12,b1_v2fold0_excl2_oof,,,,,fold-0/5,1802,6.373149611187693,9.96841177653206,9.821937197685179,8.721166195134977,-0.08678450077511,0.030473007642809757,"v2fold0_last_flips.csv = 8.7496 (paired delta -0.0285; per-image mean APE, about 0.03 off the metric-level MAPE)",paired,,results/noise_floor_20260912/B1_compare.json
noise_floor_20260912,b1_v2fold0_excl2,2026-09-12,timm:convnextv2_tiny.fcmae_ft_in22k_in1k,420b71c6c279,123,0,8/8,fold-0/5,1802,6.379521611147093,9.969179644456668,9.818654713134723,8.722451989579495,,,,done,"fails the 0.10 gate: delta -0.028 (CI -0.087 to +0.030) on 1,802 held-out images; test labels carry the same noise [do not rerun]",results/noise_floor_20260912/b1_v2fold0_excl2
noise_floor_20260912,b1_v2fold0_excl2 [last+flips],2026-09-12,,,,,8,fold-0/5,1802,6.3731496428704535,9.968411791610635,9.821937221409126,8.72116621863007,,,,scored,"fails the 0.10 gate: delta -0.028 (CI -0.087 to +0.030) on 1,802 held-out images; test labels carry the same noise [do not rerun]",results/noise_floor_20260912/b1_v2fold0_excl2_oof.json
noise_floor_20260912,b3_v2base_fold0,2026-09-12,timm:convnextv2_base.fcmae_ft_in22k_in1k,6da6f3f7ad9a,123,0,8/8,fold-0/5,1802,6.393670474733031,10.096730698137785,9.856677373238748,8.782359515369855,,,,done,tie: OOF 8.871 vs 8.897 (CI -0.053 to -0.001) at 3.5x the cost; fails the 0.15 gate [do not rerun],results/noise_floor_20260912/b3_v2base_fold0
noise_floor_20260912,b3_v2base_fold0 [last+flips],2026-09-12,,,,,8,fold-0/5,1802,6.3509486611133275,10.051256828712877,9.849654364179468,8.750619951335224,,,,scored,tie: OOF 8.871 vs 8.897 (CI -0.053 to -0.001) at 3.5x the cost; fails the 0.15 gate [do not rerun],results/noise_floor_20260912/b3_v2base_fold0_oof.json
noise_floor_20260912,b3_v2base_fold1,2026-09-12,timm:convnextv2_base.fcmae_ft_in22k_in1k,6da6f3f7ad9a,123,1,8/8,fold-1/5,1783,6.103030821373667,10.080610227714557,9.735065124621181,8.6395687245698,,,,done,tie: OOF 8.871 vs 8.897 (CI -0.053 to -0.001) at 3.5x the cost; fails the 0.15 gate [do not rerun],results/noise_floor_20260912/b3_v2base_fold1
noise_floor_20260912,b3_v2base_fold1 [last+flips],2026-09-12,,,,,8,fold-1/5,1783,6.061638875106353,10.073316920649988,9.718929231954636,8.61796167590366,,,,scored,tie: OOF 8.871 vs 8.897 (CI -0.053 to -0.001) at 3.5x the cost; fails the 0.15 gate [do not rerun],results/noise_floor_20260912/b3_v2base_fold1_oof.json
noise_floor_20260912,b3_v2base_fold2,2026-09-12,timm:convnextv2_base.fcmae_ft_in22k_in1k,6da6f3f7ad9a,123,2,8/8,fold-2/5,1802,6.892278922595288,10.973886860506825,10.275096181400148,9.380420654834086,,,,done,tie: OOF 8.871 vs 8.897 (CI -0.053 to -0.001) at 3.5x the cost; fails the 0.15 gate [do not rerun],results/noise_floor_20260912/b3_v2base_fold2
noise_floor_20260912,b3_v2base_fold2 [last+flips],2026-09-12,,,,,8,fold-2/5,1802,6.913147612962077,10.95748605039179,10.287291703347611,9.385975122233825,,,,scored,tie: OOF 8.871 vs 8.897 (CI -0.053 to -0.001) at 3.5x the cost; fails the 0.15 gate [do not rerun],results/noise_floor_20260912/b3_v2base_fold2_oof.json
noise_floor_20260912,b3_v2base_fold3,2026-09-12,timm:convnextv2_base.fcmae_ft_in22k_in1k,6da6f3f7ad9a,123,3,8/8,fold-3/5,1788,5.986129386292932,9.953706306155253,9.822002026089805,8.587279239512663,,,,done,tie: OOF 8.871 vs 8.897 (CI -0.053 to -0.001) at 3.5x the cost; fails the 0.15 gate [do not rerun],results/noise_floor_20260912/b3_v2base_fold3
noise_floor_20260912,b3_v2base_fold3 [last+flips],2026-09-12,,,,,8,fold-3/5,1788,5.955773914560235,9.92115074580919,9.809614584306974,8.562179748225466,,,,scored,tie: OOF 8.871 vs 8.897 (CI -0.053 to -0.001) at 3.5x the cost; fails the 0.15 gate [do not rerun],results/noise_floor_20260912/b3_v2base_fold3_oof.json
noise_floor_20260912,b3_v2base_fold4,2026-09-12,timm:convnextv2_base.fcmae_ft_in22k_in1k,6da6f3f7ad9a,123,4,8/8,fold-4/5,1825,6.386227828780243,10.266251999759099,9.951107932534288,8.867862587024543,,,,done,tie: OOF 8.871 vs 8.897 (CI -0.053 to -0.001) at 3.5x the cost; fails the 0.15 gate [do not rerun],results/noise_floor_20260912/b3_v2base_fold4
noise_floor_20260912,b3_v2base_fold4 [last+flips],2026-09-12,,,,,8,fold-4/5,1825,6.364743320937966,10.251206689496497,9.984289921118668,8.866746643851044,,,,scored,tie: OOF 8.871 vs 8.897 (CI -0.053 to -0.001) at 3.5x the cost; fails the 0.15 gate [do not rerun],results/noise_floor_20260912/b3_v2base_fold4_oof.json
noise_floor_20260912,A3 OOF ens,2026-09-12,v2ens (V2 w2 + Tiny w1),,,,,oof9000,9000,6.3000038306827655,10.251465762825674,9.965193693191337,8.838887762233258,,,,scored,,results/noise_floor_20260912/A3_summary.json
noise_floor_20260912,A3 OOF tiny,2026-09-12,5x ConvNeXt-Tiny folds,,,,,oof9000,9000,6.35240634880623,10.351635956428538,10.208167351866983,8.970736552367251,,,,scored,,results/noise_floor_20260912/A3_summary.json
noise_floor_20260912,A3 OOF v2,2026-09-12,5x ConvNeXt-V2-Tiny folds,,,,,oof9000,9000,6.354538309794786,10.30199631876704,9.93012739437783,8.86222067431322,,,,scored,,results/noise_floor_20260912/A3_summary.json
noise_floor_20260912,B3 capacity: V2-Base 5 folds,2026-09-12,b3_v2base_oof_all.csv,,,,,oof9000,9000,6.330487088175002,10.251772062517631,9.930648242377595,8.87076453716029,-0.05279034719038395,-0.0013838614650572602,"v2tiny_oof_all.csv = 8.8970 (paired delta -0.0262; per-image mean APE, about 0.03 off the metric-level MAPE)",paired,,results/noise_floor_20260912/B3_compare.json
overnight,cellpose_baseline (test),2026-08-27,Cellpose diameter_40 crop 0.5,,,,,test906,906,28.694856934992554,30.18259178869149,22.949077655586187,27.27550879309008,23.319330050381588,33.6174574219455,score CI (iid image bootstrap),one-shot test,Cellpose 'cyto' outputs correlate 0.2 to 0.3 with GT CD; ridge (14.8) and the constant (14.2) beat it; superseded by direct regression [do not rerun],results/overnight/test_scores.json
overnight,regression_cnn seed 42 (test),2026-08-27,small CNN (pre-audit selection bug),,42,,,test906,906,29.088847491799186,22.67527516728735,18.115471478681236,23.293198045922594,22.55160576682765,24.215747703174735,score CI (iid image bootstrap),one-shot test,Cellpose 'cyto' outputs correlate 0.2 to 0.3 with GT CD; ridge (14.8) and the constant (14.2) beat it; superseded by direct regression [do not rerun],results/overnight/test_scores.json
overnight,regression_cnn seed 43 (test),2026-08-27,small CNN (pre-audit selection bug),,43,,,test906,906,28.647634105770617,23.53871152822047,16.454006713198392,22.88011744906316,22.12908524641601,23.842846041655612,score CI (iid image bootstrap),one-shot test,Cellpose 'cyto' outputs correlate 0.2 to 0.3 with GT CD; ridge (14.8) and the constant (14.2) beat it; superseded by direct regression [do not rerun],results/overnight/test_scores.json
overnight,regression_cnn seed 44 (test),2026-08-27,small CNN (pre-audit selection bug),,44,,,test906,906,21.790986619966052,15.47249136320195,12.514619023757403,16.592699002308468,15.969883606773099,17.379964003988,score CI (iid image bootstrap),one-shot test,Cellpose 'cyto' outputs correlate 0.2 to 0.3 with GT CD; ridge (14.8) and the constant (14.2) beat it; superseded by direct regression [do not rerun],results/overnight/test_scores.json
overnight,ridge_calibration (test),2026-08-27,ridge on Cellpose metrics,,,,,test906,906,15.957949081966081,14.877595725036505,13.662645097024233,14.83272996800894,13.913033837670325,15.896938278521485,score CI (iid image bootstrap),one-shot test,Cellpose 'cyto' outputs correlate 0.2 to 0.3 with GT CD; ridge (14.8) and the constant (14.2) beat it; superseded by direct regression [do not rerun],results/overnight/test_scores.json
overnight,cellpose sweep crop_0.30,2026-08-27,Cellpose cyto_default crop 0.3,,,,,val892,892,,,,63.747525754027585,,,,sweep,Cellpose 'cyto' outputs correlate 0.2 to 0.3 with GT CD; ridge (14.8) and the constant (14.2) beat it; superseded by direct regression [do not rerun],results/overnight/config_comparison.csv
overnight,cellpose sweep crop_0.35,2026-08-27,Cellpose cyto_default crop 0.35,,,,,val892,892,,,,41.539457152641255,,,,sweep,Cellpose 'cyto' outputs correlate 0.2 to 0.3 with GT CD; ridge (14.8) and the constant (14.2) beat it; superseded by direct regression [do not rerun],results/overnight/config_comparison.csv
overnight,cellpose sweep crop_0.40,2026-08-27,Cellpose cyto_default crop 0.4,,,,,val892,892,,,,37.51962532366141,,,,sweep,Cellpose 'cyto' outputs correlate 0.2 to 0.3 with GT CD; ridge (14.8) and the constant (14.2) beat it; superseded by direct regression [do not rerun],results/overnight/config_comparison.csv
overnight,cellpose sweep crop_0.45,2026-08-27,Cellpose cyto_default crop 0.45,,,,,val892,892,,,,35.918158239492186,,,,sweep,Cellpose 'cyto' outputs correlate 0.2 to 0.3 with GT CD; ridge (14.8) and the constant (14.2) beat it; superseded by direct regression [do not rerun],results/overnight/config_comparison.csv
overnight,cellpose sweep crop_0.50,2026-08-27,Cellpose cyto_default crop 0.5,,,,,val892,892,,,,32.678143864618676,,,,sweep,Cellpose 'cyto' outputs correlate 0.2 to 0.3 with GT CD; ridge (14.8) and the constant (14.2) beat it; superseded by direct regression [do not rerun],results/overnight/config_comparison.csv
overnight,cellpose sweep cyto2,2026-08-27,Cellpose  crop 0.5,,,,,val892,892,,,,30.532053074797393,,,,sweep,Cellpose 'cyto' outputs correlate 0.2 to 0.3 with GT CD; ridge (14.8) and the constant (14.2) beat it; superseded by direct regression [do not rerun],results/overnight/config_comparison.csv
overnight,cellpose sweep diameter_40,2026-08-27,Cellpose  crop 0.5,,,,,val892,892,,,,24.854982046967578,,,,sweep,Cellpose 'cyto' outputs correlate 0.2 to 0.3 with GT CD; ridge (14.8) and the constant (14.2) beat it; superseded by direct regression [do not rerun],results/overnight/config_comparison.csv
overnight,cellpose sweep flow_0.3,2026-08-27,Cellpose  crop 0.5,,,,,val892,892,,,,32.11129886138365,,,,sweep,Cellpose 'cyto' outputs correlate 0.2 to 0.3 with GT CD; ridge (14.8) and the constant (14.2) beat it; superseded by direct regression [do not rerun],results/overnight/config_comparison.csv
overnight,cellpose sweep flow_0.5,2026-08-27,Cellpose  crop 0.5,,,,,val892,892,,,,35.10559856815858,,,,sweep,Cellpose 'cyto' outputs correlate 0.2 to 0.3 with GT CD; ridge (14.8) and the constant (14.2) beat it; superseded by direct regression [do not rerun],results/overnight/config_comparison.csv
overnight,training,2026-08-27,small,8953b71bce50,42,,/30,val892,892,26.555193413285828,24.72749421001427,18.53427901087948,23.272322211393192,,,,done,Cellpose 'cyto' outputs correlate 0.2 to 0.3 with GT CD; ridge (14.8) and the constant (14.2) beat it; superseded by direct regression [do not rerun],results/overnight/training
overnight,training,2026-08-27,small,8953b71bce50,43,,/30,val892,892,26.634417217924856,25.212898837436924,16.443925293726004,22.763747116362595,,,,done,Cellpose 'cyto' outputs correlate 0.2 to 0.3 with GT CD; ridge (14.8) and the constant (14.2) beat it; superseded by direct regression [do not rerun],results/overnight/training
overnight,training,2026-08-27,small,8953b71bce50,44,,/30,val892,892,20.26092168120855,17.49512478709133,12.976923894491359,16.910990120930414,,,,done,Cellpose 'cyto' outputs correlate 0.2 to 0.3 with GT CD; ridge (14.8) and the constant (14.2) beat it; superseded by direct regression [do not rerun],results/overnight/training
platform,Phase I slot 1 (v2ens),2026-09-12,"5x ConvNeXt-V2-Tiny + 5x ConvNeXt-Tiny fold models, geometric mean, flip TTA",,,,,platform100,100,,,,8.7583,,,,submitted,4th of the Phase I leaderboard on 2026-09-12; top five 8.7042 / 8.7452 / 8.7550 / 8.7583 / 8.7720. Consistent with OOF 8.84 +/- 0.96 (no distribution shift).,/home/visilant/CLEAR-EC-phase1-v2ens/results/phase1_v2ens
platform,leaderboard snapshot,2026-09-11,,,,,,platform100,100,,,,8.7042,,,,reference,"Best team score at the first snapshot (idea.md); others 8.7452, 8.7720, 8.7843, 8.9145.",idea.md
round1_20260912_002113,batch,2026-09-12,small,e543e081f70c,42,,/10,val892,892,13.495608708357485,13.318504771364168,11.518131786071903,12.777415088597854,,,,done,BatchNorm beats GroupNorm by 0.5; three-seed ensemble +0.09 missed the 0.2 gate; superseded by ConvNeXt [do not rerun],results/round1_20260912_002113/batch
round1_20260912_002113,batch,2026-09-12,small,e543e081f70c,123,,/10,val892,892,11.330226903040828,13.422000304817148,11.115549909957618,11.955925705938531,,,,done,BatchNorm beats GroupNorm by 0.5; three-seed ensemble +0.09 missed the 0.2 gate; superseded by ConvNeXt [do not rerun],results/round1_20260912_002113/batch
round1_20260912_002113,batch,2026-09-12,small,e543e081f70c,456,,/10,val892,892,11.467105360536697,13.04633212346941,11.75521332872622,12.089550270910777,,,,done,BatchNorm beats GroupNorm by 0.5; three-seed ensemble +0.09 missed the 0.2 gate; superseded by ConvNeXt [do not rerun],results/round1_20260912_002113/batch
round1_20260912_002113,batch_123 (scores.csv),2026-09-12,small CNN batchnorm,,,,,val892,892,11.330226903040828,13.422000304817148,11.115549909957618,11.955925705938531,-0.8671078788211456,-0.22055294436982595,incumbent (paired delta CI),scored,BatchNorm beats GroupNorm by 0.5; three-seed ensemble +0.09 missed the 0.2 gate; superseded by ConvNeXt [do not rerun],results/round1_20260912_002113/scores.csv
round1_20260912_002113,batch_42 (scores.csv),2026-09-12,small CNN batchnorm,,,,,val892,892,13.495608708357485,13.318504771364164,11.518131786071903,12.77741508859785,-0.028945666027095945,0.551396839848028,incumbent (paired delta CI),scored,BatchNorm beats GroupNorm by 0.5; three-seed ensemble +0.09 missed the 0.2 gate; superseded by ConvNeXt [do not rerun],results/round1_20260912_002113/scores.csv
round1_20260912_002113,batch_456 (scores.csv),2026-09-12,small CNN batchnorm,,,,,val892,892,11.467105360536697,13.04633212346941,11.755213328726223,12.089550270910777,-0.6059506415558654,-0.20898185957970183,incumbent (paired delta CI),scored,BatchNorm beats GroupNorm by 0.5; three-seed ensemble +0.09 missed the 0.2 gate; superseded by ConvNeXt [do not rerun],results/round1_20260912_002113/scores.csv
round1_20260912_002113,batch_ensemble (scores.csv),2026-09-12,small CNN batchnorm,,,,,val892,892,11.568950052251267,12.869482434575849,11.166832142146058,11.868421542991058,-0.8582444383842538,-0.4235866641546209,incumbent (paired delta CI),scored,BatchNorm beats GroupNorm by 0.5; three-seed ensemble +0.09 missed the 0.2 gate; superseded by ConvNeXt [do not rerun],results/round1_20260912_002113/scores.csv
round1_20260912_002113,group,2026-09-12,small,e6e76bbce25f,42,,/10,val892,892,13.48945916363911,13.440405568453611,11.411806685110154,12.780557139067625,,,,done,BatchNorm beats GroupNorm by 0.5; three-seed ensemble +0.09 missed the 0.2 gate; superseded by ConvNeXt [do not rerun],results/round1_20260912_002113/group
round1_20260912_002113,group,2026-09-12,small,e6e76bbce25f,123,,/10,val892,892,13.381197521056455,13.074386648084552,11.49549340964386,12.650359192928287,,,,done,BatchNorm beats GroupNorm by 0.5; three-seed ensemble +0.09 missed the 0.2 gate; superseded by ConvNeXt [do not rerun],results/round1_20260912_002113/group
round1_20260912_002113,group,2026-09-12,small,e6e76bbce25f,456,,/10,val892,892,13.769585516198887,13.04285393722672,11.555903377175087,12.789447610200233,,,,done,BatchNorm beats GroupNorm by 0.5; three-seed ensemble +0.09 missed the 0.2 gate; superseded by ConvNeXt [do not rerun],results/round1_20260912_002113/group
round1_20260912_002113,group_123 (scores.csv),2026-09-12,small CNN groupnorm,,,,,val892,892,13.381197521056455,13.07438664808455,11.49549340964386,12.650359192928287,-0.15212104921819739,0.42378596172032584,incumbent (paired delta CI),scored,BatchNorm beats GroupNorm by 0.5; three-seed ensemble +0.09 missed the 0.2 gate; superseded by ConvNeXt [do not rerun],results/round1_20260912_002113/scores.csv
round1_20260912_002113,group_42 (scores.csv),2026-09-12,small CNN groupnorm,,,,,val892,892,13.48945916363911,13.440405568453611,11.411806685110156,12.780557139067625,-0.0584134008074317,0.5874533731282772,incumbent (paired delta CI),scored,BatchNorm beats GroupNorm by 0.5; three-seed ensemble +0.09 missed the 0.2 gate; superseded by ConvNeXt [do not rerun],results/round1_20260912_002113/scores.csv
round1_20260912_002113,group_456 (scores.csv),2026-09-12,small CNN groupnorm,,,,,val892,892,13.769585516198887,13.042853937226718,11.55590337717509,12.789447610200233,-0.01393255265396022,0.5649264432278729,incumbent (paired delta CI),scored,BatchNorm beats GroupNorm by 0.5; three-seed ensemble +0.09 missed the 0.2 gate; superseded by ConvNeXt [do not rerun],results/round1_20260912_002113/scores.csv
round1_20260912_002113,group_ensemble (scores.csv),2026-09-12,small CNN groupnorm,,,,,val892,892,13.50636992912055,13.149320291023484,11.45511771806244,12.703602646068825,-0.1056099009782131,0.4865603584217025,incumbent (paired delta CI),scored,BatchNorm beats GroupNorm by 0.5; three-seed ensemble +0.09 missed the 0.2 gate; superseded by ConvNeXt [do not rerun],results/round1_20260912_002113/scores.csv
round1_20260912_002113,incumbent (scores.csv),2026-09-12,small CNN (audited incumbent),,,,,val892,892,12.503426062674643,13.16742908954002,11.85561689988129,12.508824017365319,,,,scored,BatchNorm beats GroupNorm by 0.5; three-seed ensemble +0.09 missed the 0.2 gate; superseded by ConvNeXt [do not rerun],results/round1_20260912_002113/scores.csv
sam_spike_20260912,"cpsam_d22.0_f0.4_c-2.0_e0 (detections, train overlays; F1 0.56)",2026-09-13,cpsam,,,,,overlay19,19,31.933193216538672,30.272720789499804,25.9666886510497,29.390867552362725,,,oracle readout on clicks: CD 3.13,scored,"detector recall 0.5 to 0.75, CD MAPE 21 to 35 percent vs a 6 percent gate; the only route to the CD headroom for Phase II [do not rerun]",results/sam_spike_20260912/cpsam_d22.0_f0.4_c-2.0_e0.csv
sam_spike_20260912,"cpsam_d22.0_f0.4_c-2.0_e1 (detections, train overlays; F1 0.52)",2026-09-13,cpsam,,,,,overlay19,19,33.27851326156045,27.11099996801437,19.452779011987833,26.614097413854214,,,oracle readout on clicks: CD 3.13,scored,"detector recall 0.5 to 0.75, CD MAPE 21 to 35 percent vs a 6 percent gate; the only route to the CD headroom for Phase II [do not rerun]",results/sam_spike_20260912/cpsam_d22.0_f0.4_c-2.0_e1.csv
sam_spike_20260912,"cpsam_d22.0_f0.4_c0.0_e0 (detections, train overlays; F1 0.64)",2026-09-13,cpsam,,,,,overlay19,19,31.308493430370657,28.853615617649787,23.195146065827778,27.785751704616075,,,oracle readout on clicks: CD 3.13,scored,"detector recall 0.5 to 0.75, CD MAPE 21 to 35 percent vs a 6 percent gate; the only route to the CD headroom for Phase II [do not rerun]",results/sam_spike_20260912/cpsam_d22.0_f0.4_c0.0_e0.csv
sam_spike_20260912,"cpsam_d22.0_f0.4_c0.0_e1 (detections, train overlays; F1 0.60)",2026-09-13,cpsam,,,,,overlay19,19,31.763222607415432,29.50524212157091,22.019714492492195,27.762726407159516,,,oracle readout on clicks: CD 3.13,scored,"detector recall 0.5 to 0.75, CD MAPE 21 to 35 percent vs a 6 percent gate; the only route to the CD headroom for Phase II [do not rerun]",results/sam_spike_20260912/cpsam_d22.0_f0.4_c0.0_e1.csv
sam_spike_20260912,"cpsam_d22.0_f0.8_c-2.0_e0 (detections, train overlays; F1 0.78)",2026-09-13,cpsam,,,,,overlay19,19,20.305904982036537,36.898578321630495,12.389790120495988,23.198091141387675,,,oracle readout on clicks: CD 3.13,scored,"detector recall 0.5 to 0.75, CD MAPE 21 to 35 percent vs a 6 percent gate; the only route to the CD headroom for Phase II [do not rerun]",results/sam_spike_20260912/cpsam_d22.0_f0.8_c-2.0_e0.csv
sam_spike_20260912,"cpsam_d22.0_f0.8_c-2.0_e1 (detections, train overlays; F1 0.77)",2026-09-13,cpsam,,,,,overlay19,19,18.89720293429797,38.84778934482067,12.595551895715559,23.446848058278064,,,oracle readout on clicks: CD 3.13,scored,"detector recall 0.5 to 0.75, CD MAPE 21 to 35 percent vs a 6 percent gate; the only route to the CD headroom for Phase II [do not rerun]",results/sam_spike_20260912/cpsam_d22.0_f0.8_c-2.0_e1.csv
sam_spike_20260912,"cpsam_d22.0_f0.8_c0.0_e0 (detections, train overlays; F1 0.68)",2026-09-13,cpsam,,,,,overlay19,19,28.509103938265543,39.93352416301247,27.80048356617665,32.08103722248489,,,oracle readout on clicks: CD 3.13,scored,"detector recall 0.5 to 0.75, CD MAPE 21 to 35 percent vs a 6 percent gate; the only route to the CD headroom for Phase II [do not rerun]",results/sam_spike_20260912/cpsam_d22.0_f0.8_c0.0_e0.csv
sam_spike_20260912,"cpsam_d22.0_f0.8_c0.0_e1 (detections, train overlays; F1 0.70)",2026-09-13,cpsam,,,,,overlay19,19,21.52534922128195,38.52901319256085,18.329299288015314,26.127887233952706,,,oracle readout on clicks: CD 3.13,scored,"detector recall 0.5 to 0.75, CD MAPE 21 to 35 percent vs a 6 percent gate; the only route to the CD headroom for Phase II [do not rerun]",results/sam_spike_20260912/cpsam_d22.0_f0.8_c0.0_e1.csv
sam_spike_20260912,"cpsam_d28.0_f0.4_c-2.0_e0 (detections, train overlays; F1 0.57)",2026-09-13,cpsam,,,,,overlay19,19,33.55468267066789,32.72082485175738,26.78546889620936,31.02032547287821,,,oracle readout on clicks: CD 3.13,scored,"detector recall 0.5 to 0.75, CD MAPE 21 to 35 percent vs a 6 percent gate; the only route to the CD headroom for Phase II [do not rerun]",results/sam_spike_20260912/cpsam_d28.0_f0.4_c-2.0_e0.csv
sam_spike_20260912,"cpsam_d28.0_f0.4_c-2.0_e1 (detections, train overlays; F1 0.54)",2026-09-13,cpsam,,,,,overlay19,19,28.8889075740655,29.316532572132445,21.395135644884746,26.53352526369423,,,oracle readout on clicks: CD 3.13,scored,"detector recall 0.5 to 0.75, CD MAPE 21 to 35 percent vs a 6 percent gate; the only route to the CD headroom for Phase II [do not rerun]",results/sam_spike_20260912/cpsam_d28.0_f0.4_c-2.0_e1.csv
sam_spike_20260912,"cpsam_d28.0_f0.4_c0.0_e0 (detections, train overlays; F1 0.66)",2026-09-13,cpsam,,,,,overlay19,19,24.393810671826405,31.818427950556426,18.774740310130376,24.99565964417107,,,oracle readout on clicks: CD 3.13,scored,"detector recall 0.5 to 0.75, CD MAPE 21 to 35 percent vs a 6 percent gate; the only route to the CD headroom for Phase II [do not rerun]",results/sam_spike_20260912/cpsam_d28.0_f0.4_c0.0_e0.csv
sam_spike_20260912,"cpsam_d28.0_f0.4_c0.0_e1 (detections, train overlays; F1 0.64)",2026-09-13,cpsam,,,,,overlay19,19,29.61389554697271,26.126282558126608,16.651439468648125,24.130539191249145,,,oracle readout on clicks: CD 3.13,scored,"detector recall 0.5 to 0.75, CD MAPE 21 to 35 percent vs a 6 percent gate; the only route to the CD headroom for Phase II [do not rerun]",results/sam_spike_20260912/cpsam_d28.0_f0.4_c0.0_e1.csv
sam_spike_20260912,"cpsam_d28.0_f0.8_c-2.0_e0 (detections, train overlays; F1 0.79)",2026-09-13,cpsam,,,,,overlay19,19,18.810448732370443,38.254020877435465,12.1642032197752,23.07622427652704,,,oracle readout on clicks: CD 3.13,scored,"detector recall 0.5 to 0.75, CD MAPE 21 to 35 percent vs a 6 percent gate; the only route to the CD headroom for Phase II [do not rerun]",results/sam_spike_20260912/cpsam_d28.0_f0.8_c-2.0_e0.csv
sam_spike_20260912,"cpsam_d28.0_f0.8_c-2.0_e1 (detections, train overlays; F1 0.79)",2026-09-13,cpsam,,,,,overlay19,19,17.380566981683398,37.505843762026,14.275692721328097,23.05403448834583,,,oracle readout on clicks: CD 3.13,scored,"detector recall 0.5 to 0.75, CD MAPE 21 to 35 percent vs a 6 percent gate; the only route to the CD headroom for Phase II [do not rerun]",results/sam_spike_20260912/cpsam_d28.0_f0.8_c-2.0_e1.csv
sam_spike_20260912,"cpsam_d28.0_f0.8_c0.0_e0 (detections, train overlays; F1 0.69)",2026-09-13,cpsam,,,,,overlay19,19,21.12242790244735,32.10035538284766,17.651989809145807,23.624924364813605,,,oracle readout on clicks: CD 3.13,scored,"detector recall 0.5 to 0.75, CD MAPE 21 to 35 percent vs a 6 percent gate; the only route to the CD headroom for Phase II [do not rerun]",results/sam_spike_20260912/cpsam_d28.0_f0.8_c0.0_e0.csv
sam_spike_20260912,"cpsam_d28.0_f0.8_c0.0_e1 (detections, train overlays; F1 0.72)",2026-09-13,cpsam,,,,,overlay19,19,21.921042071166198,31.50469141750448,15.212279355352683,22.87933761467445,,,oracle readout on clicks: CD 3.13,scored,"detector recall 0.5 to 0.75, CD MAPE 21 to 35 percent vs a 6 percent gate; the only route to the CD headroom for Phase II [do not rerun]",results/sam_spike_20260912/cpsam_d28.0_f0.8_c0.0_e1.csv
sam_spike_20260912,"cpsam_dNone_f0.4_c-2.0_e0 (detections, train overlays; F1 0.60)",2026-09-13,cpsam,,,,,overlay19,19,34.5001764313029,36.04625637978204,27.674139554392532,32.74019078849249,,,oracle readout on clicks: CD 3.13,scored,"detector recall 0.5 to 0.75, CD MAPE 21 to 35 percent vs a 6 percent gate; the only route to the CD headroom for Phase II [do not rerun]",results/sam_spike_20260912/cpsam_dNone_f0.4_c-2.0_e0.csv
sam_spike_20260912,"cpsam_dNone_f0.4_c-2.0_e1 (detections, train overlays; F1 0.58)",2026-09-13,cpsam,,,,,overlay19,19,29.29432539110459,36.50289850853122,24.033102173206338,29.943442024280717,,,oracle readout on clicks: CD 3.13,scored,"detector recall 0.5 to 0.75, CD MAPE 21 to 35 percent vs a 6 percent gate; the only route to the CD headroom for Phase II [do not rerun]",results/sam_spike_20260912/cpsam_dNone_f0.4_c-2.0_e1.csv
sam_spike_20260912,"cpsam_dNone_f0.4_c0.0_e0 (detections, train overlays; F1 0.69)",2026-09-13,cpsam,,,,,overlay19,19,25.235263476388376,37.22635396399616,18.04764173005252,26.836419723479015,,,oracle readout on clicks: CD 3.13,scored,"detector recall 0.5 to 0.75, CD MAPE 21 to 35 percent vs a 6 percent gate; the only route to the CD headroom for Phase II [do not rerun]",results/sam_spike_20260912/cpsam_dNone_f0.4_c0.0_e0.csv
sam_spike_20260912,"cpsam_dNone_f0.4_c0.0_e1 (detections, train overlays; F1 0.68)",2026-09-13,cpsam,,,,,overlay19,19,29.194584847408844,34.97317188282642,20.25999873011495,28.142585153450074,,,oracle readout on clicks: CD 3.13,scored,"detector recall 0.5 to 0.75, CD MAPE 21 to 35 percent vs a 6 percent gate; the only route to the CD headroom for Phase II [do not rerun]",results/sam_spike_20260912/cpsam_dNone_f0.4_c0.0_e1.csv
sam_spike_20260912,"cpsam_dNone_f0.8_c-2.0_e0 (detections, train overlays; F1 0.81)",2026-09-13,cpsam,,,,,overlay19,19,18.05010755998013,36.391804939583814,11.428769819838529,21.95689410646749,,,oracle readout on clicks: CD 3.13,scored,"detector recall 0.5 to 0.75, CD MAPE 21 to 35 percent vs a 6 percent gate; the only route to the CD headroom for Phase II [do not rerun]",results/sam_spike_20260912/cpsam_dNone_f0.8_c-2.0_e0.csv
sam_spike_20260912,"cpsam_dNone_f0.8_c-2.0_e1 (detections, train overlays; F1 0.79)",2026-09-13,cpsam,,,,,overlay19,19,17.473006773974568,42.09734686584079,10.69563681452085,23.421996818112067,,,oracle readout on clicks: CD 3.13,scored,"detector recall 0.5 to 0.75, CD MAPE 21 to 35 percent vs a 6 percent gate; the only route to the CD headroom for Phase II [do not rerun]",results/sam_spike_20260912/cpsam_dNone_f0.8_c-2.0_e1.csv
sam_spike_20260912,"cpsam_dNone_f0.8_c0.0_e0 (detections, train overlays; F1 0.72)",2026-09-13,cpsam,,,,,overlay19,19,21.612150634742285,34.417005231882726,14.058013989964847,23.36238995219662,,,oracle readout on clicks: CD 3.13,scored,"detector recall 0.5 to 0.75, CD MAPE 21 to 35 percent vs a 6 percent gate; the only route to the CD headroom for Phase II [do not rerun]",results/sam_spike_20260912/cpsam_dNone_f0.8_c0.0_e0.csv
sam_spike_20260912,"cpsam_dNone_f0.8_c0.0_e1 (detections, train overlays; F1 0.74)",2026-09-13,cpsam,,,,,overlay19,19,23.154719608795904,43.630280691841385,16.882562125891855,27.889187475509715,,,oracle readout on clicks: CD 3.13,scored,"detector recall 0.5 to 0.75, CD MAPE 21 to 35 percent vs a 6 percent gate; the only route to the CD headroom for Phase II [do not rerun]",results/sam_spike_20260912/cpsam_dNone_f0.8_c0.0_e1.csv
sam_spike_20260912,"sam_vit_b_default (detections, train overlays; F1 0.26)",2026-09-13,sam,,,,,overlay19,19,67.58553345580187,41.43520503078324,44.132943906709,51.05122746443137,,,oracle readout on clicks: CD 3.13,scored,"detector recall 0.5 to 0.75, CD MAPE 21 to 35 percent vs a 6 percent gate; the only route to the CD headroom for Phase II [do not rerun]",results/sam_spike_20260912/sam_vit_b_default.csv
sam_spike_20260912,val_cpsam_e1,2026-09-13,Cellpose-SAM detector + Voronoi readout,,,,,val300,300,24.44841332765281,41.02971405181878,15.780105246052347,27.08607754184131,,,,scored,"detector recall 0.5 to 0.75, CD MAPE 21 to 35 percent vs a 6 percent gate; the only route to the CD headroom for Phase II [do not rerun]",results/sam_spike_20260912/val_cpsam_e1.csv
smoke_runner,cv0,2026-09-13,small,95cbce0292f0,1,0,2/2,fold-0/2,4463,14.167683832085192,14.747525879838697,12.99495956310636,13.970056425010084,,,,done,,results/smoke_runner/cv0
smoke_runner,cv0 [last+none],2026-09-13,,,,,2,fold-0/2,4463,14.16768359450883,14.747525268193899,12.994959570879631,13.970056144527453,,,,scored,,results/smoke_runner/scores/cv0_last_none.json
smoke_runner,cv1,2026-09-13,small,95cbce0292f0,1,1,2/2,fold-1/2,4537,14.09317533925762,14.357491988393944,13.575483574821732,14.008716967491099,,,,done,,results/smoke_runner/cv1
smoke_runner,cv1 [last+none],2026-09-13,,,,,2,fold-1/2,4537,14.943748007481636,14.072278628503973,13.37941216888392,14.131812934956509,,,,scored,,results/smoke_runner/scores/cv1_last_none.json
smoke_runner,cv OOF over 2 folds [last+none],2026-09-13,,,,,,oof9000,9000,14.558906287533224,14.4071259603094,13.188809464941748,14.051613904261458,,,,computed,,results/smoke_runner/scores
smoke_runner,split,2026-09-13,small,95cbce0292f0,1,,2/2,val892,892,14.381542049066617,14.91914002709145,12.863238147023457,14.054640074393843,,,,done,,results/smoke_runner/split
smoke_runner,split [last+none],2026-09-13,,,,,2,val892,892,14.381541537168452,14.919141266232554,12.863238103690536,14.054640302363849,,,,scored,,results/smoke_runner/scores/split_last_none.json
